<application>
  <component name="VimEditorSettings">
    <editor />
  </component>
  <component name="VimHistorySettings">
    <history>
      <history-search>
        <entry>lang</entry>
        <entry>sidebar</entry>
        <entry>desktop</entry>
        <entry>link</entry>
        <entry>=</entry>
        <entry encoding="base64">XDxwb3N0XD4=</entry>
        <entry>ScoreCheck</entry>
        <entry>table</entry>
        <entry>suprise</entry>
        <entry>surprise</entry>
        <entry encoding="base64">XDxjYW5ub3RcPg==</entry>
        <entry>compute_sum</entry>
        <entry>prev_compute</entry>
      </history-search>
      <history-cmd>
        <entry>21</entry>
        <entry>laf</entry>
        <entry>32:1</entry>
        <entry>32:23</entry>
        <entry>32:32</entry>
        <entry>s/=/-/g</entry>
        <entry>w\</entry>
        <entry>19co.</entry>
        <entry>wq</entry>
        <entry>ws</entry>
        <entry>%s/ScoreCheck/ScoreQuery/g</entry>
        <entry>&quot;w</entry>
        <entry>12co.</entry>
        <entry>w]</entry>
        <entry>Lw</entry>
        <entry>13,23s/compute_sum/prev_compute/g</entry>
        <entry>%s/prev_compute/prev_sum/g</entry>
        <entry>w</entry>
      </history-cmd>
      <history-expr />
      <history-input />
    </history>
  </component>
  <component name="VimKeySettings">
    <shortcut-conflicts>
      <shortcut-conflict owner="vim">
        <text>ctrl pressed SEMICOLON</text>
      </shortcut-conflict>
      <shortcut-conflict owner="vim">
        <text>shift ctrl pressed SEMICOLON</text>
      </shortcut-conflict>
      <shortcut-conflict owner="vim">
        <text>ctrl pressed V</text>
      </shortcut-conflict>
      <shortcut-conflict owner="vim">
        <text>ctrl pressed D</text>
      </shortcut-conflict>
      <shortcut-conflict owner="vim">
        <text>ctrl pressed B</text>
      </shortcut-conflict>
      <shortcut-conflict owner="ide">
        <text>ctrl pressed J</text>
      </shortcut-conflict>
      <shortcut-conflict owner="vim">
        <text>ctrl pressed Q</text>
      </shortcut-conflict>
      <shortcut-conflict owner="vim">
        <text>ctrl pressed F</text>
      </shortcut-conflict>
      <shortcut-conflict owner="vim">
        <text>ctrl pressed T</text>
      </shortcut-conflict>
      <shortcut-conflict owner="vim">
        <text>ctrl pressed R</text>
      </shortcut-conflict>
    </shortcut-conflicts>
  </component>
  <component name="VimMarksSettings">
    <globalmarks />
    <filemarks>
      <file name="/Dummy.txt" timestamp="1598455382408">
        <mark key="[" line="0" column="0" />
      </file>
      <file name="$USER_HOME$/Documents/git-project/godeep.pro/themes/next-geek/layout/_layout.njk" timestamp="1596630944896">
        <mark key="[" line="42" column="20" />
        <mark key="]" line="42" column="20" />
        <mark key="." line="42" column="19" />
        <mark key="^" line="42" column="20" />
      </file>
      <file name="$USER_HOME$/Documents/git-project/godeep.pro/themes/next-geek/layout/index.njk" timestamp="1596633007929">
        <mark key="[" line="12" column="0" />
        <mark key="]" line="12" column="0" />
        <mark key="." line="12" column="0" />
      </file>
      <file name="$USER_HOME$/Documents/git-project/godeep.pro/themes/next-geek/source/js/next-boot.js" timestamp="1596281367440">
        <mark key="[" line="96" column="36" />
        <mark key="]" line="96" column="36" />
        <mark key="^" line="96" column="36" />
        <mark key="." line="96" column="35" />
      </file>
      <file name="/fragment.lua" timestamp="1598456894196">
        <mark key="[" line="0" column="0" />
      </file>
      <file name="$USER_HOME$/Documents/git-project/godeep.pro/themes/next-geek/layout/page.njk" timestamp="1596284664608">
        <mark key="[" line="24" column="0" />
        <mark key="]" line="24" column="70" />
      </file>
      <file name="$USER_HOME$/Documents/git-project/godeep.pro/themes/next-geek/source/css/_schemes/Mala/_header.styl" timestamp="1596281803229">
        <mark key="[" line="1" column="0" />
        <mark key="]" line="1" column="53" />
        <mark key="." line="1" column="11" />
        <mark key="^" line="1" column="12" />
      </file>
      <file name="$USER_HOME$/Documents/git-project/godeep.pro/themes/next-geek/source/css/_variables/Mala.styl" timestamp="1596281702960">
        <mark key="[" line="6" column="0" />
        <mark key="]" line="6" column="0" />
        <mark key="." line="6" column="0" />
      </file>
      <file name="$USER_HOME$/Documents/git-project/godeep.pro/themes/next-geek/source/css/_schemes/Mala/components/index.styl" timestamp="1596275591420">
        <mark key="[" line="7" column="9" />
        <mark key="]" line="7" column="21" />
        <mark key="^" line="7" column="21" />
        <mark key="." line="7" column="20" />
      </file>
      <file name="$USER_HOME$/Documents/git-project/godeep.pro/themes/next-geek/source/css/_schemes/Mala/_posts-expand.styl" timestamp="1596631281269">
        <mark key="[" line="157" column="21" />
        <mark key="]" line="157" column="23" />
        <mark key="^" line="157" column="23" />
        <mark key="." line="157" column="22" />
      </file>
      <file name="$USER_HOME$/Documents/git-project/godeep.pro/themes/next-geek/source/css/_schemes/Mala/components/_medium-zoom.styl" timestamp="1596281949898">
        <mark key="[" line="3" column="114" />
        <mark key="]" line="4" column="35" />
        <mark key="^" line="4" column="35" />
        <mark key="." line="4" column="34" />
      </file>
      <file name="$USER_HOME$/Documents/git-project/godeep.pro/themes/next-geek/source/css/_colors.styl" timestamp="1596281464825">
        <mark key="[" line="27" column="13" />
        <mark key="]" line="27" column="13" />
        <mark key="^" line="27" column="13" />
        <mark key="." line="27" column="12" />
      </file>
      <file name="$USER_HOME$/Documents/git-project/godeep.pro/themes/next-geek/layout/_partials/footer.njk" timestamp="1597045304254">
        <mark key="[" line="48" column="26" />
        <mark key="]" line="48" column="26" />
        <mark key="." line="48" column="25" />
        <mark key="^" line="48" column="26" />
      </file>
      <file name="$USER_HOME$/Documents/git-project/godeep.pro/themes/next-geek/source/css/_schemes/Mala/_colors.styl" timestamp="1596281954645">
        <mark key="[" line="1" column="53" />
        <mark key="]" line="2" column="0" />
        <mark key="^" line="2" column="0" />
        <mark key="." line="2" column="0" />
      </file>
      <file name="$USER_HOME$/Documents/git-project/godeep.pro/themes/next-geek/source/css/_schemes/Mala/_layout.styl" timestamp="1596283702950">
        <mark key="[" line="69" column="0" />
        <mark key="]" line="69" column="0" />
        <mark key="^" line="69" column="0" />
        <mark key="." line="69" column="0" />
      </file>
      <file name="$USER_HOME$/Documents/git-project/godeep.pro/themes/next-geek/scripts/helpers/tagcloud.js" timestamp="1596285066132">
        <mark key="[" line="48" column="0" />
        <mark key="]" line="48" column="0" />
        <mark key="." line="48" column="0" />
      </file>
      <file name="$USER_HOME$/Documents/IDEAProject/test-lua/src/main.lua" timestamp="1598454680500">
        <mark key="'" line="42" column="15" />
        <mark key="[" line="4" column="17" />
        <mark key="]" line="4" column="17" />
        <mark key="^" line="4" column="17" />
        <mark key="." line="4" column="16" />
      </file>
      <file name="$USER_HOME$/Documents/IDEAProject/test-lua-2/src/main.lua" timestamp="1598457193474">
        <mark key="'" line="9" column="0" />
        <mark key="[" line="0" column="28" />
        <mark key="]" line="0" column="32" />
        <mark key="." line="0" column="31" />
        <mark key="^" line="0" column="32" />
      </file>
    </filemarks>
    <jumps>
      <jump line="4" column="0" filename="$USER_HOME$/Documents/golang/test-go/test.go" />
      <jump line="37" column="0" filename="$USER_HOME$/Documents/golang/test-go/test.go" />
      <jump line="25" column="7" filename="$USER_HOME$/Documents/golang/test-go/test.go" />
      <jump line="29" column="0" filename="$USER_HOME$/Documents/golang/test-go/test.go" />
      <jump line="32" column="7" filename="$USER_HOME$/Documents/golang/test-go-mod/main.go" />
      <jump line="19" column="4" filename="$USER_HOME$/Documents/golang/test-go-mod/chunker.go" />
      <jump line="17" column="0" filename="$USER_HOME$/Documents/golang/test-go-mod/main.go" />
      <jump line="28" column="4" filename="$USER_HOME$/Documents/golang/test-go-mod/main.go" />
      <jump line="71" column="0" filename="$USER_HOME$/Documents/golang/chunker/src/chunker.go" />
      <jump line="65" column="0" filename="$USER_HOME$/Documents/golang/chunker/main.go" />
      <jump line="59" column="16" filename="$USER_HOME$/Documents/golang/chunker/main.go" />
      <jump line="19" column="0" filename="$USER_HOME$/Documents/golang/chunker/main.go" />
      <jump line="34" column="12" filename="$USER_HOME$/Desktop/test/main.go" />
      <jump line="6" column="0" filename="$USER_HOME$/Documents/golang/test-go/src/main/main.go" />
      <jump line="242" column="0" filename="/usr/local/opt/goland-gopackage/src/github.com/docker/docker/registry/service.go" />
      <jump line="17" column="0" filename="$USER_HOME$/Documents/IDEAProject/test-lua/src/main.lua" />
      <jump line="27" column="28" filename="$USER_HOME$/Documents/git-project/godeep.pro/themes/next/layout/_macro/post.njk" />
      <jump line="39" column="0" filename="$USER_HOME$/Documents/git-project/godeep.pro/themes/next-geek/source/css/_schemes/Mala/_header.styl" />
      <jump line="0" column="0" filename="$USER_HOME$/Documents/git-project/godeep.pro/themes/next-geek/_config.yml" />
      <jump line="23" column="25" filename="$USER_HOME$/Documents/git-project/godeep.pro/themes/next-geek/_config.yml" />
      <jump line="86" column="2" filename="$USER_HOME$/Documents/git-project/godeep.pro/themes/next-geek/_config.yml" />
      <jump line="174" column="35" filename="$USER_HOME$/Documents/git-project/godeep.pro/themes/next-geek/source/css/_variables/base.styl" />
      <jump line="175" column="12" filename="$USER_HOME$/Documents/git-project/godeep.pro/themes/next-geek/source/css/_variables/base.styl" />
      <jump line="177" column="12" filename="$USER_HOME$/Documents/git-project/godeep.pro/themes/next-geek/source/css/_variables/base.styl" />
      <jump line="178" column="35" filename="$USER_HOME$/Documents/git-project/godeep.pro/themes/next-geek/source/css/_variables/base.styl" />
      <jump line="179" column="40" filename="$USER_HOME$/Documents/git-project/godeep.pro/themes/next-geek/source/css/_variables/base.styl" />
      <jump line="38" column="10" filename="$USER_HOME$/Documents/git-project/godeep.pro/themes/next-geek/source/css/_variables/base.styl" />
      <jump line="39" column="1" filename="$USER_HOME$/Documents/git-project/godeep.pro/themes/next-geek/source/css/_variables/base.styl" />
      <jump line="40" column="1" filename="$USER_HOME$/Documents/git-project/godeep.pro/themes/next-geek/source/css/_variables/base.styl" />
      <jump line="41" column="1" filename="$USER_HOME$/Documents/git-project/godeep.pro/themes/next-geek/source/css/_variables/base.styl" />
      <jump line="42" column="1" filename="$USER_HOME$/Documents/git-project/godeep.pro/themes/next-geek/source/css/_variables/base.styl" />
      <jump line="43" column="1" filename="$USER_HOME$/Documents/git-project/godeep.pro/themes/next-geek/source/css/_variables/base.styl" />
      <jump line="173" column="12" filename="$USER_HOME$/Documents/git-project/godeep.pro/themes/next-geek/source/css/_variables/base.styl" />
      <jump line="34" column="0" filename="$USER_HOME$/Documents/git-project/godeep.pro/themes/next-geek/source/css/_schemes/Mala/_footer.styl" />
      <jump line="13" column="3" filename="$USER_HOME$/Documents/git-project/godeep.pro/themes/next-geek/source/css/_schemes/Mala/index.styl" />
      <jump line="42" column="2" filename="$USER_HOME$/Documents/git-project/godeep.pro/themes/next-geek/source/css/_schemes/Mala/_footer.styl" />
      <jump line="54" column="2" filename="$USER_HOME$/Documents/git-project/godeep.pro/themes/next-geek/source/css/_schemes/Mala/_layout.styl" />
      <jump line="10" column="0" filename="$USER_HOME$/Documents/git-project/godeep.pro/themes/next-geek/source/css/_schemes/Mala/_layout.styl" />
      <jump line="13" column="19" filename="$USER_HOME$/Documents/git-project/godeep.pro/themes/next-geek/source/css/_schemes/Mala/_posts-callapse.styl" />
      <jump line="18" column="1" filename="$USER_HOME$/Documents/git-project/godeep.pro/themes/next-geek/source/css/_schemes/Mala/_sidebar.styl" />
      <jump line="61" column="20" filename="$USER_HOME$/Documents/IDEAProject/first-task/src/com/zhangzhi/ScoreQuery.java" />
      <jump line="28" column="43" filename="$USER_HOME$/Documents/IDEAProject/first-task/src/test/com/zhangzhi/ScoreQueryTest.java" />
      <jump line="6" column="47" filename="$USER_HOME$/Documents/IDEAProject/second-homework/src/main/com/zhangzhi/MultiProducerAndConsumerService.java" />
      <jump line="14" column="0" filename="$USER_HOME$/Documents/git-project/godeep.pro/themes/next-geek/source/css/_schemes/Mala/components/_gittalk.styl" />
      <jump line="12" column="0" filename="$USER_HOME$/Documents/git-project/godeep.pro/themes/next-geek/source/css/_schemes/Mala/components/_gittalk.styl" />
      <jump line="26" column="23" filename="$USER_HOME$/Documents/git-project/godeep.pro/themes/next-geek/source/css/_schemes/Mala/components/_gittalk.styl" />
      <jump line="197" column="19" filename="$USER_HOME$/Documents/git-project/godeep.pro/themes/next-geek/source/css/_variables/base.styl" />
      <jump line="209" column="9" filename="$USER_HOME$/Documents/git-project/godeep.pro/themes/next-geek/source/css/_variables/base.styl" />
      <jump line="141" column="15" filename="$USER_HOME$/Documents/git-project/godeep.pro/themes/next-geek/source/css/_schemes/Mala/_posts-expand.styl" />
      <jump line="1598" column="23" filename="$USER_HOME$/Desktop/next-geek-e02ac2325de161baa7b2e61ebbb909a5fac42bdf/layout/_partials/suprise/ball.swig" />
      <jump line="2959" column="21" filename="$USER_HOME$/Documents/git-project/godeep.pro/themes/next-geek/layout/_partials/suprise-ball/ball.njk" />
      <jump line="2" column="5" filename="$USER_HOME$/Documents/git-project/godeep.pro/themes/next-geek/layout/_partials/header/languages.njk" />
      <jump line="22" column="21" filename="$USER_HOME$/Documents/IDEAProject/test-lua/src/main.lua" />
      <jump line="11" column="25" filename="$USER_HOME$/Documents/IDEAProject/test-lua/src/main.lua" />
      <jump line="36" column="15" filename="$USER_HOME$/Documents/IDEAProject/test-lua/src/main.lua" />
      <jump line="19" column="10" filename="$USER_HOME$/Documents/IDEAProject/test-lua-2/src/main.lua" />
      <jump line="16" column="3" filename="$USER_HOME$/Documents/IDEAProject/test-lua-2/src/main.lua" />
      <jump line="3" column="0" filename="$USER_HOME$/Documents/IDEAProject/test-lua-2/src/main.lua" />
    </jumps>
  </component>
  <component name="VimRegisterSettings">
    <registers>
      <register name="&quot;" type="4">
        <text>before</text>
      </register>
      <register name="-" type="4">
        <text>before</text>
      </register>
      <register name="/" type="4">
        <text>prev_compute</text>
      </register>
      <register name="0" type="2">
        <text encoding="base64">ICAgICAgICAgICAgcHJpbnQoImJlZm9yZSBkZnMiKQo=</text>
      </register>
      <register name="1" type="2">
        <text encoding="base64">ICAgIHByaW50KCJcbiIpCg==</text>
      </register>
      <register name="2" type="2">
        <text encoding="base64">ICAgICAgICBwcmludChzdHJpbmcuZm9ybWF0KCIlcyAiLCBhW2ldKSkK</text>
      </register>
      <register name="3" type="2">
        <text encoding="base64">ICAgICAgICBwcgo=</text>
      </register>
      <register name="4" type="2">
        <text encoding="base64">ICAgICAgICBwcmludChzdHJpbmcoc3RyKSkK</text>
      </register>
      <register name="5" type="2">
        <text encoding="base64">cGVybXV0YXRpb24oZGF0YSwgMCwgI2RhdGEpCg==</text>
      </register>
      <register name="6" type="2">
        <text encoding="base64">cGVybXV0YXRpb24oZGF0YSwgMCwgI2RhdGEpCg==</text>
      </register>
      <register name="7" type="2">
        <text encoding="base64">ZW5kCg==</text>
      </register>
      <register name="8" type="2">
        <text encoding="base64">ICAgIAo=</text>
      </register>
      <register name="9" type="2">
        <text encoding="base64">ZnVuY3Rpb24gbWFpbigpCg==</text>
      </register>
      <register name=":" type="4">
        <text>w</text>
      </register>
    </registers>
  </component>
  <component name="VimSearchSettings">
    <search>
      <last-search>prev_compute</last-search>
      <last-offset />
      <last-pattern>prev_compute</last-pattern>
      <last-replace>prev_sum</last-replace>
      <last-substitute>prev_compute</last-substitute>
      <last-dir>-1</last-dir>
      <show-last>false</show-last>
    </search>
  </component>
  <component name="VimSettings">
    <state version="6" enabled="true" />
    <notifications>
      <idea-join enabled="false" />
      <idea-put enabled="false" />
    </notifications>
  </component>
</application>