<keymap version="1" name="Default for XWin copy" parent="Default for XWin">
  <action id="ChooseRunConfiguration">
    <keyboard-shortcut first-keystroke="meta o" />
  </action>
  <action id="CodeCompletion">
    <keyboard-shortcut first-keystroke="alt period" />
  </action>
  <action id="EditorChooseLookupItemDot" />
  <action id="EditorNextWord" />
  <action id="GotoDeclaration">
    <keyboard-shortcut first-keystroke="ctrl b" />
    <mouse-shortcut keystroke="control button1" />
    <mouse-shortcut keystroke="button2" />
    <keyboard-shortcut first-keystroke="meta b" />
  </action>
  <action id="NextProjectWindow">
    <keyboard-shortcut first-keystroke="ctrl alt close_bracket" />
    <keyboard-shortcut first-keystroke="meta back_quote" />
    <keyboard-shortcut first-keystroke="meta #10000b7" />
  </action>
  <action id="QuickJavaDoc">
    <keyboard-shortcut first-keystroke="ctrl q" />
    <keyboard-shortcut first-keystroke="meta f" />
  </action>
  <action id="ReformatCode">
    <keyboard-shortcut first-keystroke="alt l" />
    <keyboard-shortcut first-keystroke="alt semicolon" />
  </action>
  <action id="Run">
    <keyboard-shortcut first-keystroke="alt i" />
    <keyboard-shortcut first-keystroke="meta i" />
  </action>
  <action id="ShowErrorDescription" />
  <action id="SwitchApply">
    <keyboard-shortcut first-keystroke="shift alt enter" />
  </action>
  <action id="SwitchDown">
    <keyboard-shortcut first-keystroke="shift alt down" />
  </action>
  <action id="SwitchLeft">
    <keyboard-shortcut first-keystroke="shift alt left" />
  </action>
  <action id="SwitchRight">
    <keyboard-shortcut first-keystroke="shift alt right" />
  </action>
  <action id="SwitchUp">
    <keyboard-shortcut first-keystroke="shift alt up" />
  </action>
  <action id="editRunConfigurations">
    <keyboard-shortcut first-keystroke="alt p" />
  </action>
</keymap>