<keymap version="1" name="Mac OS X copy" parent="Mac OS X">
  <action id="$Copy">
    <keyboard-shortcut first-keystroke="shift ctrl c" />
  </action>
  <action id="CommentByBlockComment">
    <keyboard-shortcut first-keystroke="shift ctrl slash" />
    <keyboard-shortcut first-keystroke="shift ctrl divide" />
    <keyboard-shortcut first-keystroke="shift meta divide" />
  </action>
  <action id="CommentByLineComment">
    <keyboard-shortcut first-keystroke="meta divide" />
    <keyboard-shortcut first-keystroke="ctrl slash" />
  </action>
  <action id="Editor Copy">
    <keyboard-shortcut first-keystroke="shift ctrl c" />
  </action>
  <action id="Editor Paste">
    <keyboard-shortcut first-keystroke="meta v" />
  </action>
  <action id="EditorNextWord" />
  <action id="EditorPreviousWord" />
  <action id="ImplementMethods" />
  <action id="NextEditorTab">
    <keyboard-shortcut first-keystroke="alt right" />
  </action>
  <action id="PasteMultiple">
    <keyboard-shortcut first-keystroke="shift ctrl v" />
  </action>
  <action id="PreviousEditorTab">
    <keyboard-shortcut first-keystroke="alt left" />
  </action>
  <action id="ReformatCode">
    <keyboard-shortcut first-keystroke="alt l" />
    <keyboard-shortcut first-keystroke="alt semicolon" />
  </action>
  <action id="Run">
    <keyboard-shortcut first-keystroke="meta i" />
  </action>
  <action id="editRunConfigurations">
    <keyboard-shortcut first-keystroke="alt p" />
  </action>
</keymap>