<keymap version="1" name="macOS Gabriel" parent="Mac OS X 10.5+">
  <action id="Back">
    <keyboard-shortcut first-keystroke="meta alt left" />
    <mouse-shortcut keystroke="button4" />
  </action>
  <action id="ChooseRunConfiguration">
    <keyboard-shortcut first-keystroke="meta o" />
    <keyboard-shortcut first-keystroke="ctrl alt r" />
  </action>
  <action id="CodeCompletion" />
  <action id="CommentByBlockComment">
    <keyboard-shortcut first-keystroke="meta alt divide" />
    <keyboard-shortcut first-keystroke="shift ctrl slash" />
    <keyboard-shortcut first-keystroke="shift ctrl divide" />
    <keyboard-shortcut first-keystroke="shift meta divide" />
    <keyboard-shortcut first-keystroke="shift meta divide" />
    <keyboard-shortcut first-keystroke="shift alt slash" />
  </action>
  <action id="DatabaseView.PropertiesAction" />
  <action id="EditorRight">
    <keyboard-shortcut first-keystroke="right" />
  </action>
  <action id="Find">
    <keyboard-shortcut first-keystroke="ctrl f" />
  </action>
  <action id="Forward">
    <keyboard-shortcut first-keystroke="meta alt right" />
    <mouse-shortcut keystroke="button5" />
  </action>
  <action id="GotoChangedFile" />
  <action id="GotoClass" />
  <action id="GotoLine">
    <keyboard-shortcut first-keystroke="alt l" />
  </action>
  <action id="HippieBackwardCompletion" />
  <action id="NextTab">
    <keyboard-shortcut first-keystroke="meta close_bracket" />
  </action>
  <action id="PreviousTab">
    <keyboard-shortcut first-keystroke="meta open_bracket" />
  </action>
  <action id="QuickJavaDoc">
    <keyboard-shortcut first-keystroke="f1" />
    <keyboard-shortcut first-keystroke="ctrl j" />
    <mouse-shortcut keystroke="control button2" />
    <keyboard-shortcut first-keystroke="meta f" />
  </action>
  <action id="Refactorings.QuickListPopupAction">
    <keyboard-shortcut first-keystroke="meta t" />
  </action>
  <action id="ReformatCode">
    <keyboard-shortcut first-keystroke="meta l" />
    <keyboard-shortcut first-keystroke="meta semicolon" />
  </action>
  <action id="Run">
    <keyboard-shortcut first-keystroke="meta i" />
    <keyboard-shortcut first-keystroke="ctrl r" />
  </action>
  <action id="ShowProjectStructureSettings" />
  <action id="TodoViewGroupByFlattenPackage" />
  <action id="Vcs.Log.FocusTextFilter" />
  <action id="Vcs.UpdateProject" />
  <action id="editRunConfigurations">
    <keyboard-shortcut first-keystroke="alt p" />
  </action>
</keymap>