<application>
  <component name="SshConfigs">
    <configs>
      <sshConfig authType="PASSWORD" connectionConfig="{&quot;serverAliveInterval&quot;:300}" host="47.108.27.253" id="40b78673-b4d2-40c3-bd79-2ad34d630e9d" port="9921" customName="RemoteServer1 (6da75414-fd6d-4551-857b-cbe68aa689c9)" nameFormat="CUSTOM" username="gabriel">
        <option name="customName" value="RemoteServer1 (6da75414-fd6d-4551-857b-cbe68aa689c9)" />
      </sshConfig>
      <sshConfig authType="PASSWORD" connectionConfig="{&quot;serverAliveInterval&quot;:300}" host="47.108.27.253" id="707e150f-708c-49b3-aa65-d291ff1cec8e" port="9922" customName="RemoteServer2 (7ed30384-e631-48ae-9616-5a39f376dbe4)" nameFormat="CUSTOM" username="gabriel">
        <option name="customName" value="RemoteServer2 (7ed30384-e631-48ae-9616-5a39f376dbe4)" />
      </sshConfig>
      <sshConfig authType="PASSWORD" connectionConfig="{&quot;serverAliveInterval&quot;:300}" host="47.108.27.253" id="afa4bd56-b242-46de-b09e-45f41368ca66" port="9923" customName="RemoteServer3 (5d09596b-cdc2-4b80-bebf-dd7c59980bdd)" nameFormat="CUSTOM" username="gabriel">
        <option name="customName" value="RemoteServer3 (5d09596b-cdc2-4b80-bebf-dd7c59980bdd)" />
      </sshConfig>
    </configs>
  </component>
</application>