<application>
  <component name="WebServers">
    <option name="servers">
      <webServer id="7ed30384-e631-48ae-9616-5a39f376dbe4" name="RemoteServer2 (7ed30384-e631-48ae-9616-5a39f376dbe4)" url="http:///">
        <fileTransfer accessType="SFTP" sshConfigId="d27f92fb-df89-491e-8a4d-97b0cae0268d" sshConfig="RemoteServer2 (7ed30384-e631-48ae-9616-5a39f376dbe4)" />
      </webServer>
      <webServer id="5d09596b-cdc2-4b80-bebf-dd7c59980bdd" name="RemoteServer3 (5d09596b-cdc2-4b80-bebf-dd7c59980bdd)" url="http:///">
        <fileTransfer accessType="SFTP" sshConfigId="bcb27728-f3c7-48a9-9953-d1229d42e63a" sshConfig="RemoteServer3 (5d09596b-cdc2-4b80-bebf-dd7c59980bdd)" />
      </webServer>
      <webServer id="3803bb8d-f4a7-4592-bd91-e50bfbaf2cb6" name="RemoteManjaro (3803bb8d-f4a7-4592-bd91-e50bfbaf2cb6)" url="http:///">
        <fileTransfer accessType="SFTP" sshConfigId="43b4a701-746d-419a-8fcc-01de7f7d5590" sshConfig="RemoteManjaro (3803bb8d-f4a7-4592-bd91-e50bfbaf2cb6)" />
      </webServer>
      <webServer id="6da75414-fd6d-4551-857b-cbe68aa689c9" name="RemoteServer1 (6da75414-fd6d-4551-857b-cbe68aa689c9)" url="http:///">
        <fileTransfer accessType="SFTP" host="47.108.27.253" port="9921" sshConfigId="40b78673-b4d2-40c3-bd79-2ad34d630e9d" sshConfig="RemoteServer1 (6da75414-fd6d-4551-857b-cbe68aa689c9)" />
      </webServer>
    </option>
  </component>
</application>