<application>
  <component name="SshConfigs">
    <configs>
      <sshConfig authType="PASSWORD" connectionConfig="{&quot;serverAliveInterval&quot;:300}" host="47.108.27.253" id="c656c398-bc47-4f21-b010-3fb51be4256f" port="9930" customName="pc-lab" nameFormat="CUSTOM" username="gabriel">
        <option name="customName" value="pc-lab" />
      </sshConfig>
      <sshConfig authType="PASSWORD" connectionConfig="{&quot;serverAliveInterval&quot;:300}" host="192.168.5.101" id="4e143e58-62ea-4ac9-acc2-d1ff59e1f1bf" port="22" customName="node1" nameFormat="CUSTOM" username="gabriel">
        <option name="customName" value="node1" />
      </sshConfig>
      <sshConfig authType="PASSWORD" connectionConfig="{&quot;serverAliveInterval&quot;:300}" host="192.168.5.102" id="aa7d518f-fb5a-4082-a750-7886c67012ee" port="22" customName="node2" nameFormat="CUSTOM" username="gabriel">
        <option name="customName" value="node2" />
      </sshConfig>
    </configs>
  </component>
</application>