<application>
  <component name="WebServers">
    <option name="servers">
      <webServer id="95c876d9-e898-4bd2-a52f-52435b7f27c2" name="node2">
        <fileTransfer accessType="SFTP" host="192.168.5.102" port="22" sshConfigId="aa7d518f-fb5a-4082-a750-7886c67012ee" sshConfig="node2">
          <advancedOptions>
            <advancedOptions dataProtectionLevel="Private" passiveMode="true" shareSSLContext="true" />
          </advancedOptions>
        </fileTransfer>
      </webServer>
      <webServer id="b6047111-9526-493b-8b88-37dff0afdedd" name="pc-lab">
        <fileTransfer accessType="SFTP" host="47.108.27.253" port="9930" sshConfigId="c656c398-bc47-4f21-b010-3fb51be4256f" sshConfig="pc-lab" />
      </webServer>
      <webServer id="78c4f03b-184f-4ac0-bf75-a86070fb0f7f" name="node1">
        <fileTransfer accessType="SFTP" host="192.168.5.101" port="22" sshConfigId="4e143e58-62ea-4ac9-acc2-d1ff59e1f1bf" sshConfig="node1" />
      </webServer>
    </option>
  </component>
</application>