<application>
  <component name="CPPToolchains" version="4">
    <toolchains detectedVersion="5">
      <toolchain name="Default" toolSetKind="SYSTEM_UNIX_TOOLSET" debuggerKind="BUNDLED_LLDB" />
      <toolchain name="RemoteServer1" toolSetKind="REMOTE" customCMakePath="/usr/local/bin/cmake" hostId="6da75414-fd6d-4551-857b-cbe68aa689c9" debuggerKind="CUSTOM_GDB" customGDBPath="/usr/bin/gdb" />
      <toolchain name="RemoteServer2" toolSetKind="REMOTE" customCMakePath="/usr/bin/cmake" debuggerKind="CUSTOM_GDB" customGDBPath="/usr/bin/gdb" />
      <toolchain name="RemoteServer3" toolSetKind="REMOTE" customCMakePath="/usr/bin/cmake" hostId="5d09596b-cdc2-4b80-bebf-dd7c59980bdd" debuggerKind="CUSTOM_GDB" customGDBPath="/usr/bin/gdb" />
      <toolchain name="RemoteDebian" toolSetKind="REMOTE" customCMakePath="/usr/bin/cmake" hostId="8a448514-2d39-45bc-b792-df7c974d1a5f" debuggerKind="CUSTOM_GDB" customGDBPath="/usr/bin/gdb" />
      <toolchain name="RemoteUbuntuVM" toolSetKind="REMOTE" customCMakePath="/usr/bin/cmake" hostId="ecb92aa8-0876-4d2f-b8cb-20521610b63c" debuggerKind="CUSTOM_GDB" customGDBPath="/usr/bin/gdb" />
    </toolchains>
  </component>
</application>