<application>
  <component name="FileTypeManager" version="18">
    <extensionMap>
      <mapping pattern="NOTE" type="PLAIN_TEXT" />
      <mapping pattern="fslhomes-user004-2013-05-21" type="PLAIN_TEXT" />
      <mapping pattern="config-u" type="PLAIN_TEXT" />
      <mapping pattern="TODO" type="PLAIN_TEXT" />
      <mapping pattern=".clion.source.upload.marker" type="PLAIN_TEXT" />
      <mapping pattern="config-d" type="PLAIN_TEXT" />
      <mapping pattern="QUESTION" type="PLAIN_TEXT" />
      <mapping ext="pem" type="PLAIN_TEXT" />
      <removed_mapping ext="bat" approved="true" type="PLAIN_TEXT" />
      <removed_mapping ext="cmd" approved="true" type="PLAIN_TEXT" />
      <removed_mapping ext="dockerfile" approved="true" type="textmate" />
      <removed_mapping ext="ignore" approved="true" type="IgnoreLang file" />
      <removed_mapping ext="log" approved="true" type="PLAIN_TEXT" />
      <removed_mapping ext="makefile" approved="true" type="textmate" />
      <removed_mapping ext="pl" approved="true" type="textmate" />
      <removed_mapping ext="snakefile" approved="true" type="textmate" />
      <mapping pattern=".gitignore_global" type="Git file" />
    </extensionMap>
  </component>
</application>