<application>
  <component name="SshConfigs">
    <configs>
      <sshConfig authType="PASSWORD" connectionConfig="{&quot;serverAliveInterval&quot;:300}" host="47.108.27.253" id="d06d5ece-9808-4b09-9980-b3549cd6f21e" port="9923" customName="RemoteServer3 (5d09596b-cdc2-4b80-bebf-dd7c59980bdd)" nameFormat="CUSTOM" username="gabriel">
        <option name="customName" value="RemoteServer3 (5d09596b-cdc2-4b80-bebf-dd7c59980bdd)" />
      </sshConfig>
      <sshConfig authType="PASSWORD" connectionConfig="{&quot;serverAliveInterval&quot;:300}" host="47.108.27.253" id="a5c15744-52b9-4943-9e45-1db129ecfa12" port="9921" customName="RemoteServer1 (6da75414-fd6d-4551-857b-cbe68aa689c9)" nameFormat="CUSTOM" username="gabriel">
        <option name="customName" value="RemoteServer1 (6da75414-fd6d-4551-857b-cbe68aa689c9)" />
      </sshConfig>
      <sshConfig authType="PASSWORD" connectionConfig="{&quot;serverAliveInterval&quot;:300}" host="10.211.55.3" id="262e9d13-053b-4b4a-aaad-b15fa8dd78f6" port="22" customName="RemoteDebian" nameFormat="CUSTOM" username="gabriel">
        <option name="customName" value="RemoteDebian" />
      </sshConfig>
      <sshConfig authType="PASSWORD" connectionConfig="{&quot;serverAliveInterval&quot;:300}" host="10.211.55.8" id="9dc87d84-a648-4a7a-a94c-91e15d642a71" port="22" customName="RemoteUbuntuVM" nameFormat="CUSTOM" username="gabriel">
        <option name="customName" value="RemoteUbuntuVM" />
      </sshConfig>
      <sshConfig authType="PASSWORD" host="47.108.27.253" id="e0cc30f9-f437-495c-9405-2b8cb12c8a14" port="9922" nameFormat="DESCRIPTIVE" username="gabriel" />
    </configs>
  </component>
</application>