<application>
  <component name="WebServers">
    <option name="servers">
      <webServer id="7ed30384-e631-48ae-9616-5a39f376dbe4" name="RemoteServer2 (7ed30384-e631-48ae-9616-5a39f376dbe4)" url="http:///">
        <fileTransfer accessType="SFTP" sshConfigId="155dfdab-68b7-467b-8dd0-bb90dd167c63" sshConfig="RemoteServer2 (7ed30384-e631-48ae-9616-5a39f376dbe4)" />
      </webServer>
      <webServer id="5d09596b-cdc2-4b80-bebf-dd7c59980bdd" name="RemoteServer3 (5d09596b-cdc2-4b80-bebf-dd7c59980bdd)" url="http:///">
        <fileTransfer accessType="SFTP" host="47.108.27.253" port="9923" sshConfigId="d06d5ece-9808-4b09-9980-b3549cd6f21e" sshConfig="RemoteServer3 (5d09596b-cdc2-4b80-bebf-dd7c59980bdd)" />
      </webServer>
      <webServer id="6da75414-fd6d-4551-857b-cbe68aa689c9" name="RemoteServer1 (6da75414-fd6d-4551-857b-cbe68aa689c9)" url="http:///">
        <fileTransfer accessType="SFTP" host="47.108.27.253" port="9921" sshConfigId="a5c15744-52b9-4943-9e45-1db129ecfa12" sshConfig="RemoteServer1 (6da75414-fd6d-4551-857b-cbe68aa689c9)" />
      </webServer>
      <webServer id="8a448514-2d39-45bc-b792-df7c974d1a5f" name="RemoteDebian (8a448514-2d39-45bc-b792-df7c974d1a5f)" url="http:///">
        <fileTransfer accessType="SFTP" host="10.211.55.3" port="22" sshConfigId="262e9d13-053b-4b4a-aaad-b15fa8dd78f6" sshConfig="RemoteDebian" />
      </webServer>
      <webServer id="ecb92aa8-0876-4d2f-b8cb-20521610b63c" name="RemoteUbuntuVM (ecb92aa8-0876-4d2f-b8cb-20521610b63c)" url="http:///">
        <fileTransfer accessType="SFTP" host="10.211.55.8" port="22" sshConfigId="9dc87d84-a648-4a7a-a94c-91e15d642a71" sshConfig="RemoteUbuntuVM" />
      </webServer>
    </option>
  </component>
</application>